date;channel;sessions;purchases;revenue;conversion_rate
01/11/2020;google / organic;829;14;773.0;0.016887816646562123
01/11/2020;(direct) / (none);618;14;773.0;0.022653721682847898
01/11/2020;<Other> / <Other>;371;14;773.0;0.037735849056603772
01/11/2020;<Other> / referral;260;14;773.0;0.053846153846153849
01/11/2020;shop.googlemerchandisestore.com / referral;218;14;773.0;0.064220183486238536
01/11/2020;(data deleted) / (data deleted);129;14;773.0;0.10852713178294573
01/11/2020;google / cpc;108;14;773.0;0.12962962962962962
01/11/2020;<Other> / organic;89;14;773.0;0.15730337078651685
01/11/2020;<Other> / (data deleted);3;14;773.0;4.666.666.666.666.660
02/11/2020;google / organic;1107;49;4789.0;0.044263775971093045
02/11/2020;(direct) / (none);832;49;4789.0;0.058894230769230768
02/11/2020;<Other> / <Other>;531;49;4789.0;0.092278719397363471
02/11/2020;<Other> / referral;364;49;4789.0;0.13461538461538461
02/11/2020;shop.googlemerchandisestore.com / referral;328;49;4789.0;0.14939024390243902
02/11/2020;(data deleted) / (data deleted);274;49;4789.0;0.17883211678832117
02/11/2020;google / cpc;176;49;4789.0;0.27840909090909088
02/11/2020;<Other> / organic;112;49;4789.0;0.4375
02/11/2020;<Other> / (data deleted);7;49;4789.0;7.0
03/11/2020;google / organic;1703;49;3313.0;0.028772753963593658
03/11/2020;(direct) / (none);1251;49;3313.0;0.039168665067945641
03/11/2020;<Other> / <Other>;745;49;3313.0;0.065771812080536909
03/11/2020;<Other> / referral;517;49;3313.0;0.094777562862669251
03/11/2020;shop.googlemerchandisestore.com / referral;412;49;3313.0;0.11893203883495146
03/11/2020;(data deleted) / (data deleted);343;49;3313.0;0.14285714285714285
03/11/2020;google / cpc;238;49;3313.0;0.20588235294117646
03/11/2020;<Other> / organic;137;49;3313.0;0.35766423357664234
03/11/2020;<Other> / (data deleted);10;49;3313.0;4.9
04/11/2020;google / organic;1325;46;2197.0;0.03471698113207547
04/11/2020;(direct) / (none);968;46;2197.0;0.047520661157024795
04/11/2020;<Other> / <Other>;635;46;2197.0;0.072440944881889763
04/11/2020;<Other> / referral;411;46;2197.0;0.11192214111922141
04/11/2020;shop.googlemerchandisestore.com / referral;379;46;2197.0;0.12137203166226913
04/11/2020;(data deleted) / (data deleted);324;46;2197.0;0.1419753086419753
04/11/2020;google / cpc;171;46;2197.0;0.26900584795321636
04/11/2020;<Other> / organic;123;46;2197.0;0.37398373983739835
04/11/2020;<Other> / (data deleted);7;46;2197.0;65.714.285.714.285.700
04/11/2020;(data deleted) / referral;1;46;2197.0;46.0
05/11/2020;google / organic;1184;26;1792.0;0.021959459459459461
05/11/2020;(direct) / (none);863;26;1792.0;0.030127462340672075
05/11/2020;<Other> / <Other>;480;26;1792.0;0.054166666666666669
05/11/2020;<Other> / referral;360;26;1792.0;0.072222222222222215
05/11/2020;(data deleted) / (data deleted);354;26;1792.0;0.073446327683615822
05/11/2020;shop.googlemerchandisestore.com / referral;351;26;1792.0;0.07407407407407407
05/11/2020;google / cpc;155;26;1792.0;0.16774193548387098
05/11/2020;<Other> / organic;92;26;1792.0;0.28260869565217389
05/11/2020;<Other> / (data deleted);7;26;1792.0;37.142.857.142.857.100
06/11/2020;google / organic;1018;58;3438.0;0.056974459724950882
06/11/2020;(direct) / (none);760;58;3438.0;0.076315789473684212
06/11/2020;<Other> / <Other>;416;58;3438.0;0.13942307692307693
06/11/2020;shop.googlemerchandisestore.com / referral;321;58;3438.0;0.18068535825545171
06/11/2020;<Other> / referral;303;58;3438.0;0.19141914191419143
06/11/2020;(data deleted) / (data deleted);279;58;3438.0;0.2078853046594982
06/11/2020;google / cpc;136;58;3438.0;0.4264705882352941
06/11/2020;<Other> / organic;91;58;3438.0;0.63736263736263732
06/11/2020;<Other> / (data deleted);7;58;3438.0;82.857.142.857.142.800
06/11/2020;(data deleted) / referral;1;58;3438.0;58.0
07/11/2020;google / organic;693;31;2531.0;0.044733044733044736
07/11/2020;(direct) / (none);556;31;2531.0;0.055755395683453238
07/11/2020;<Other> / <Other>;307;31;2531.0;0.10097719869706841
07/11/2020;<Other> / referral;234;31;2531.0;0.13247863247863248
07/11/2020;shop.googlemerchandisestore.com / referral;185;31;2531.0;0.16756756756756758
07/11/2020;(data deleted) / (data deleted);150;31;2531.0;0.20666666666666667
07/11/2020;google / cpc;106;31;2531.0;0.29245283018867924
07/11/2020;<Other> / organic;52;31;2531.0;0.59615384615384615
08/11/2020;google / organic;663;32;3760.0;0.048265460030165915
08/11/2020;(direct) / (none);485;32;3760.0;0.065979381443298971
08/11/2020;<Other> / <Other>;312;32;3760.0;0.10256410256410256
08/11/2020;<Other> / referral;217;32;3760.0;0.14746543778801843
08/11/2020;shop.googlemerchandisestore.com / referral;200;32;3760.0;0.16
08/11/2020;(data deleted) / (data deleted);144;32;3760.0;0.22222222222222221
08/11/2020;google / cpc;89;32;3760.0;0.3595505617977528
08/11/2020;<Other> / organic;57;32;3760.0;0.56140350877192979
08/11/2020;<Other> / (data deleted);3;32;3760.0;10.666.666.666.666.600
09/11/2020;google / organic;990;52;2154.0;0.052525252525252523
09/11/2020;(direct) / (none);800;52;2154.0;0.065
09/11/2020;<Other> / <Other>;459;52;2154.0;0.11328976034858387
09/11/2020;<Other> / referral;297;52;2154.0;0.17508417508417509
09/11/2020;shop.googlemerchandisestore.com / referral;274;52;2154.0;0.18978102189781021
09/11/2020;(data deleted) / (data deleted);240;52;2154.0;0.21666666666666667
09/11/2020;google / cpc;123;52;2154.0;0.42276422764227645
09/11/2020;<Other> / organic;91;52;2154.0;0.5714285714285714
09/11/2020;<Other> / (data deleted);8;52;2154.0;6.5
10/11/2020;google / organic;1162;64;4041.0;0.055077452667814115
10/11/2020;(direct) / (none);861;64;4041.0;0.0743321718931475
10/11/2020;<Other> / <Other>;524;64;4041.0;0.12213740458015267
10/11/2020;<Other> / referral;393;64;4041.0;0.16284987277353691
10/11/2020;shop.googlemerchandisestore.com / referral;353;64;4041.0;0.18130311614730879
10/11/2020;(data deleted) / (data deleted);280;64;4041.0;0.22857142857142856
10/11/2020;google / cpc;159;64;4041.0;0.40251572327044027
10/11/2020;<Other> / organic;96;64;4041.0;0.66666666666666663
10/11/2020;<Other> / (data deleted);7;64;4041.0;91.428.571.428.571.400
11/11/2020;google / organic;1198;64;4428.0;0.053422370617696162
11/11/2020;(direct) / (none);845;64;4428.0;0.0757396449704142
11/11/2020;<Other> / <Other>;532;64;4428.0;0.12030075187969924
11/11/2020;<Other> / referral;350;64;4428.0;0.18285714285714286
11/11/2020;shop.googlemerchandisestore.com / referral;315;64;4428.0;0.20317460317460317
11/11/2020;(data deleted) / (data deleted);295;64;4428.0;0.21694915254237288
11/11/2020;google / cpc;180;64;4428.0;0.35555555555555557
11/11/2020;<Other> / organic;98;64;4428.0;0.65306122448979587
11/11/2020;<Other> / (data deleted);7;64;4428.0;91.428.571.428.571.400
12/11/2020;google / organic;1091;54;3349.0;0.049495875343721359
12/11/2020;(direct) / (none);887;54;3349.0;0.060879368658399095
12/11/2020;<Other> / <Other>;488;54;3349.0;0.11065573770491803
12/11/2020;<Other> / referral;359;54;3349.0;0.15041782729805014
12/11/2020;shop.googlemerchandisestore.com / referral;351;54;3349.0;0.15384615384615385
12/11/2020;(data deleted) / (data deleted);290;54;3349.0;0.18620689655172415
12/11/2020;google / cpc;134;54;3349.0;0.40298507462686567
12/11/2020;<Other> / organic;96;54;3349.0;0.5625
12/11/2020;<Other> / (data deleted);6;54;3349.0;9.0
13/11/2020;google / organic;1018;79;5831.0;0.077603143418467579
13/11/2020;(direct) / (none);827;79;5831.0;0.095525997581620309
13/11/2020;<Other> / <Other>;462;79;5831.0;0.170995670995671
13/11/2020;<Other> / referral;314;79;5831.0;0.25159235668789809
13/11/2020;shop.googlemerchandisestore.com / referral;283;79;5831.0;0.27915194346289751
13/11/2020;(data deleted) / (data deleted);244;79;5831.0;0.32377049180327871
13/11/2020;google / cpc;116;79;5831.0;0.68103448275862066
13/11/2020;<Other> / organic;77;79;5831.0;1.025.974.025.974.020
13/11/2020;<Other> / (data deleted);6;79;5831.0;13.166.666.666.666.600
14/11/2020;google / organic;720;30;2338.0;0.041666666666666664
14/11/2020;(direct) / (none);513;30;2338.0;0.058479532163742687
14/11/2020;<Other> / <Other>;348;30;2338.0;0.086206896551724144
14/11/2020;<Other> / referral;238;30;2338.0;0.12605042016806722
14/11/2020;shop.googlemerchandisestore.com / referral;208;30;2338.0;0.14423076923076922
14/11/2020;(data deleted) / (data deleted);179;30;2338.0;0.16759776536312848
14/11/2020;google / cpc;105;30;2338.0;0.2857142857142857
14/11/2020;<Other> / organic;56;30;2338.0;0.5357142857142857
14/11/2020;<Other> / (data deleted);2;30;2338.0;15.0
15/11/2020;google / organic;665;21;1483.0;0.031578947368421054
15/11/2020;(direct) / (none);537;21;1483.0;0.039106145251396648
15/11/2020;<Other> / <Other>;339;21;1483.0;0.061946902654867256
15/11/2020;<Other> / referral;221;21;1483.0;0.095022624434389136
15/11/2020;shop.googlemerchandisestore.com / referral;178;21;1483.0;0.11797752808988764
15/11/2020;(data deleted) / (data deleted);127;21;1483.0;0.16535433070866143
15/11/2020;google / cpc;90;21;1483.0;0.23333333333333334
15/11/2020;<Other> / organic;55;21;1483.0;0.38181818181818183
15/11/2020;<Other> / (data deleted);2;21;1483.0;10.5
16/11/2020;google / organic;1049;69;5046.0;0.0657769304099142
16/11/2020;(direct) / (none);799;69;5046.0;0.08635794743429287
16/11/2020;<Other> / <Other>;522;69;5046.0;0.13218390804597702
16/11/2020;shop.googlemerchandisestore.com / referral;333;69;5046.0;0.2072072072072072
16/11/2020;<Other> / referral;324;69;5046.0;0.21296296296296297
16/11/2020;(data deleted) / (data deleted);285;69;5046.0;0.24210526315789474
16/11/2020;google / cpc;138;69;5046.0;0.5
16/11/2020;<Other> / organic;84;69;5046.0;0.8214285714285714
16/11/2020;<Other> / (data deleted);7;69;5046.0;98.571.428.571.428.500
17/11/2020;google / organic;1215;98;6227.0;0.080658436213991769
17/11/2020;(direct) / (none);929;98;6227.0;0.10548977395048439
17/11/2020;<Other> / <Other>;543;98;6227.0;0.18047882136279927
17/11/2020;<Other> / referral;402;98;6227.0;0.24378109452736318
17/11/2020;shop.googlemerchandisestore.com / referral;375;98;6227.0;0.26133333333333331
17/11/2020;(data deleted) / (data deleted);360;98;6227.0;0.2722222222222222
17/11/2020;google / cpc;142;98;6227.0;0.6901408450704225
17/11/2020;<Other> / organic;108;98;6227.0;0.90740740740740744
17/11/2020;<Other> / (data deleted);5;98;6227.0;19.6
18/11/2020;google / organic;1278;68;4575.0;0.053208137715179966
18/11/2020;(direct) / (none);979;68;4575.0;0.06945863125638406
18/11/2020;<Other> / <Other>;526;68;4575.0;0.12927756653992395
18/11/2020;<Other> / referral;413;68;4575.0;0.16464891041162227
18/11/2020;shop.googlemerchandisestore.com / referral;356;68;4575.0;0.19101123595505617
18/11/2020;(data deleted) / (data deleted);310;68;4575.0;0.21935483870967742
18/11/2020;google / cpc;154;68;4575.0;0.44155844155844154
18/11/2020;<Other> / organic;110;68;4575.0;0.61818181818181817
18/11/2020;<Other> / (data deleted);7;68;4575.0;97.142.857.142.857.100
19/11/2020;google / organic;1243;84;5752.0;0.067578439259855183
19/11/2020;(direct) / (none);988;84;5752.0;0.085020242914979755
19/11/2020;<Other> / <Other>;559;84;5752.0;0.15026833631484796
19/11/2020;<Other> / referral;421;84;5752.0;0.1995249406175772
19/11/2020;shop.googlemerchandisestore.com / referral;379;84;5752.0;0.22163588390501318
19/11/2020;(data deleted) / (data deleted);325;84;5752.0;0.25846153846153846
19/11/2020;google / cpc;178;84;5752.0;0.47191011235955055
19/11/2020;<Other> / organic;100;84;5752.0;0.84
19/11/2020;<Other> / (data deleted);4;84;5752.0;21.0
20/11/2020;google / organic;1256;118;8792.0;0.093949044585987268
20/11/2020;(direct) / (none);989;118;8792.0;0.11931243680485339
20/11/2020;<Other> / <Other>;514;118;8792.0;0.22957198443579765
20/11/2020;<Other> / referral;422;118;8792.0;0.27962085308056872
20/11/2020;shop.googlemerchandisestore.com / referral;341;118;8792.0;0.3460410557184751
20/11/2020;(data deleted) / (data deleted);326;118;8792.0;0.3619631901840491
20/11/2020;google / cpc;165;118;8792.0;0.7151515151515152
20/11/2020;<Other> / organic;124;118;8792.0;0.95161290322580649
20/11/2020;<Other> / (data deleted);4;118;8792.0;29.5
21/11/2020;google / organic;997;68;4336.0;0.06820461384152457
21/11/2020;(direct) / (none);728;68;4336.0;0.093406593406593408
21/11/2020;<Other> / <Other>;456;68;4336.0;0.14912280701754385
21/11/2020;<Other> / referral;295;68;4336.0;0.23050847457627119
21/11/2020;shop.googlemerchandisestore.com / referral;249;68;4336.0;0.27309236947791166
21/11/2020;(data deleted) / (data deleted);229;68;4336.0;0.29694323144104806
21/11/2020;google / cpc;146;68;4336.0;0.46575342465753422
21/11/2020;<Other> / organic;93;68;4336.0;0.73118279569892475
21/11/2020;<Other> / (data deleted);5;68;4336.0;13.6
22/11/2020;google / organic;847;60;3428.0;0.070838252656434481
22/11/2020;(direct) / (none);633;60;3428.0;0.0947867298578199
22/11/2020;<Other> / <Other>;370;60;3428.0;0.16216216216216217
22/11/2020;<Other> / referral;267;60;3428.0;0.2247191011235955
22/11/2020;shop.googlemerchandisestore.com / referral;231;60;3428.0;0.25974025974025972
22/11/2020;(data deleted) / (data deleted);168;60;3428.0;0.35714285714285715
22/11/2020;google / cpc;106;60;3428.0;0.56603773584905659
22/11/2020;<Other> / organic;64;60;3428.0;0.9375
22/11/2020;<Other> / (data deleted);3;60;3428.0;20.0
23/11/2020;google / organic;1238;141;8482.0;0.11389337641357028
23/11/2020;(direct) / (none);954;141;8482.0;0.14779874213836477
23/11/2020;<Other> / <Other>;530;141;8482.0;0.2660377358490566
23/11/2020;<Other> / referral;360;141;8482.0;0.39166666666666666
23/11/2020;shop.googlemerchandisestore.com / referral;319;141;8482.0;0.44200626959247646
23/11/2020;(data deleted) / (data deleted);308;141;8482.0;0.45779220779220781
23/11/2020;google / cpc;156;141;8482.0;0.90384615384615385
23/11/2020;<Other> / organic;97;141;8482.0;14.536.082.474.226.800
23/11/2020;<Other> / (data deleted);6;141;8482.0;23.5
24/11/2020;google / organic;1378;147;10345.0;0.10667634252539913
24/11/2020;(direct) / (none);992;147;10345.0;0.14818548387096775
24/11/2020;<Other> / <Other>;558;147;10345.0;0.26344086021505375
24/11/2020;<Other> / referral;455;147;10345.0;0.32307692307692309
24/11/2020;shop.googlemerchandisestore.com / referral;425;147;10345.0;0.34588235294117647
24/11/2020;(data deleted) / (data deleted);337;147;10345.0;0.43620178041543028
24/11/2020;google / cpc;163;147;10345.0;0.901840490797546
24/11/2020;<Other> / organic;127;147;10345.0;11.574.803.149.606.200
24/11/2020;<Other> / (data deleted);6;147;10345.0;24.5
25/11/2020;google / organic;1402;108;8121.0;0.077032810271041363
25/11/2020;(direct) / (none);1043;108;8121.0;0.10354745925215723
25/11/2020;<Other> / <Other>;624;108;8121.0;0.17307692307692307
25/11/2020;<Other> / referral;466;108;8121.0;0.23175965665236051
25/11/2020;shop.googlemerchandisestore.com / referral;403;108;8121.0;0.26799007444168732
25/11/2020;(data deleted) / (data deleted);375;108;8121.0;0.288
25/11/2020;google / cpc;191;108;8121.0;0.56544502617801051
25/11/2020;<Other> / organic;109;108;8121.0;0.99082568807339455
25/11/2020;<Other> / (data deleted);6;108;8121.0;18.0
26/11/2020;google / organic;1297;57;4133.0;0.043947571318427137
26/11/2020;(direct) / (none);995;57;4133.0;0.057286432160804021
26/11/2020;<Other> / <Other>;612;57;4133.0;0.093137254901960786
26/11/2020;<Other> / referral;378;57;4133.0;0.15079365079365079
26/11/2020;shop.googlemerchandisestore.com / referral;336;57;4133.0;0.16964285714285715
26/11/2020;(data deleted) / (data deleted);302;57;4133.0;0.18874172185430463
26/11/2020;google / cpc;155;57;4133.0;0.36774193548387096
26/11/2020;<Other> / organic;106;57;4133.0;0.53773584905660377
26/11/2020;<Other> / (data deleted);9;57;4133.0;6.333.333.333.333.330
27/11/2020;google / organic;1188;97;6699.0;0.081649831649831653
27/11/2020;(direct) / (none);925;97;6699.0;0.10486486486486486
27/11/2020;<Other> / <Other>;604;97;6699.0;0.16059602649006621
27/11/2020;<Other> / referral;383;97;6699.0;0.25326370757180156
27/11/2020;shop.googlemerchandisestore.com / referral;322;97;6699.0;0.30124223602484473
27/11/2020;(data deleted) / (data deleted);239;97;6699.0;0.40585774058577406
27/11/2020;google / cpc;188;97;6699.0;0.51595744680851063
27/11/2020;<Other> / organic;129;97;6699.0;0.751937984496124
27/11/2020;<Other> / (data deleted);7;97;6699.0;13.857.142.857.142.800
28/11/2020;google / organic;1055;78;6255.0;0.073933649289099526
28/11/2020;(direct) / (none);825;78;6255.0;0.094545454545454544
28/11/2020;<Other> / <Other>;508;78;6255.0;0.15354330708661418
28/11/2020;<Other> / referral;352;78;6255.0;0.22159090909090909
28/11/2020;shop.googlemerchandisestore.com / referral;250;78;6255.0;0.312
28/11/2020;(data deleted) / (data deleted);175;78;6255.0;0.44571428571428573
28/11/2020;google / cpc;131;78;6255.0;0.59541984732824427
28/11/2020;<Other> / organic;96;78;6255.0;0.8125
28/11/2020;<Other> / (data deleted);4;78;6255.0;19.5
29/11/2020;google / organic;998;51;3862.0;0.051102204408817638
29/11/2020;(direct) / (none);753;51;3862.0;0.067729083665338641
29/11/2020;<Other> / <Other>;498;51;3862.0;0.10240963855421686
29/11/2020;<Other> / referral;310;51;3862.0;0.16451612903225807
29/11/2020;shop.googlemerchandisestore.com / referral;264;51;3862.0;0.19318181818181818
29/11/2020;(data deleted) / (data deleted);207;51;3862.0;0.24637681159420291
29/11/2020;google / cpc;130;51;3862.0;0.3923076923076923
29/11/2020;<Other> / organic;98;51;3862.0;0.52040816326530615
29/11/2020;<Other> / (data deleted);4;51;3862.0;12.75
30/11/2020;google / organic;1425;141;11990.0;0.098947368421052631
30/11/2020;(direct) / (none);992;141;11990.0;0.14213709677419356
30/11/2020;<Other> / <Other>;640;141;11990.0;0.2203125
30/11/2020;<Other> / referral;459;141;11990.0;0.30718954248366015
30/11/2020;shop.googlemerchandisestore.com / referral;369;141;11990.0;0.38211382113821141
30/11/2020;(data deleted) / (data deleted);341;141;11990.0;0.41348973607038125
30/11/2020;google / cpc;226;141;11990.0;0.62389380530973448
30/11/2020;<Other> / organic;137;141;11990.0;10.291.970.802.919.700
30/11/2020;<Other> / (data deleted);4;141;11990.0;35.25
01/12/2020;google / organic;1548;107;6258.0;0.069121447028423766
01/12/2020;(direct) / (none);1136;107;6258.0;0.094190140845070422
01/12/2020;<Other> / <Other>;685;107;6258.0;0.1562043795620438
01/12/2020;<Other> / referral;494;107;6258.0;0.2165991902834008
01/12/2020;shop.googlemerchandisestore.com / referral;450;107;6258.0;0.23777777777777778
01/12/2020;(data deleted) / (data deleted);351;107;6258.0;0.30484330484330485
01/12/2020;google / cpc;204;107;6258.0;0.52450980392156865
01/12/2020;<Other> / organic;127;107;6258.0;0.84251968503937
01/12/2020;<Other> / (data deleted);5;107;6258.0;21.4
02/12/2020;google / organic;1508;82;5201.0;0.054376657824933686
02/12/2020;(direct) / (none);1087;82;5201.0;0.075436982520699178
02/12/2020;<Other> / <Other>;646;82;5201.0;0.12693498452012383
02/12/2020;shop.googlemerchandisestore.com / referral;435;82;5201.0;0.18850574712643678
02/12/2020;<Other> / referral;434;82;5201.0;0.1889400921658986
02/12/2020;(data deleted) / (data deleted);339;82;5201.0;0.24188790560471976
02/12/2020;google / cpc;214;82;5201.0;0.38317757009345793
02/12/2020;<Other> / organic;141;82;5201.0;0.58156028368794321
02/12/2020;<Other> / (data deleted);10;82;5201.0;8.2
03/12/2020;google / organic;1654;90;4317.0;0.054413542926239421
03/12/2020;(direct) / (none);1177;90;4317.0;0.076465590484282073
03/12/2020;<Other> / <Other>;702;90;4317.0;0.12820512820512819
03/12/2020;<Other> / referral;492;90;4317.0;0.18292682926829268
03/12/2020;shop.googlemerchandisestore.com / referral;452;90;4317.0;0.19911504424778761
03/12/2020;(data deleted) / (data deleted);338;90;4317.0;0.26627218934911245
03/12/2020;google / cpc;230;90;4317.0;0.391304347826087
03/12/2020;<Other> / organic;152;90;4317.0;0.59210526315789469
03/12/2020;<Other> / (data deleted);3;90;4317.0;30.0
04/12/2020;google / organic;1491;96;6458.0;0.064386317907444673
04/12/2020;(direct) / (none);1112;96;6458.0;0.086330935251798566
04/12/2020;<Other> / <Other>;604;96;6458.0;0.15894039735099338
04/12/2020;<Other> / referral;433;96;6458.0;0.22170900692840648
04/12/2020;shop.googlemerchandisestore.com / referral;403;96;6458.0;0.23821339950372208
04/12/2020;(data deleted) / (data deleted);342;96;6458.0;0.2807017543859649
04/12/2020;google / cpc;205;96;6458.0;0.4682926829268293
04/12/2020;<Other> / organic;130;96;6458.0;0.7384615384615385
04/12/2020;<Other> / (data deleted);5;96;6458.0;19.2
05/12/2020;google / organic;1093;87;6396.0;0.079597438243366875
05/12/2020;(direct) / (none);850;87;6396.0;0.10235294117647059
05/12/2020;<Other> / <Other>;523;87;6396.0;0.16634799235181644
05/12/2020;<Other> / referral;299;87;6396.0;0.29096989966555181
05/12/2020;shop.googlemerchandisestore.com / referral;286;87;6396.0;0.30419580419580422
05/12/2020;(data deleted) / (data deleted);190;87;6396.0;0.45789473684210524
05/12/2020;google / cpc;177;87;6396.0;0.49152542372881358
05/12/2020;<Other> / organic;86;87;6396.0;10.116.279.069.767.400
05/12/2020;<Other> / (data deleted);6;87;6396.0;14.5
06/12/2020;google / organic;1015;42;2328.0;0.041379310344827586
06/12/2020;(direct) / (none);761;42;2328.0;0.055190538764783179
06/12/2020;<Other> / <Other>;500;42;2328.0;0.084
06/12/2020;<Other> / referral;334;42;2328.0;0.12574850299401197
06/12/2020;shop.googlemerchandisestore.com / referral;267;42;2328.0;0.15730337078651685
06/12/2020;(data deleted) / (data deleted);214;42;2328.0;0.19626168224299065
06/12/2020;google / cpc;151;42;2328.0;0.27814569536423839
06/12/2020;<Other> / organic;96;42;2328.0;0.4375
06/12/2020;<Other> / (data deleted);1;42;2328.0;42.0
07/12/2020;google / organic;1645;110;8472.0;0.0668693009118541
07/12/2020;(direct) / (none);1276;110;8472.0;0.086206896551724144
07/12/2020;<Other> / <Other>;753;110;8472.0;0.14608233731739709
07/12/2020;<Other> / referral;526;110;8472.0;0.20912547528517111
07/12/2020;shop.googlemerchandisestore.com / referral;452;110;8472.0;0.24336283185840707
07/12/2020;(data deleted) / (data deleted);395;110;8472.0;0.27848101265822783
07/12/2020;google / cpc;239;110;8472.0;0.46025104602510458
07/12/2020;<Other> / organic;163;110;8472.0;0.67484662576687116
07/12/2020;<Other> / (data deleted);12;110;8472.0;91.666.666.666.666.600
08/12/2020;google / organic;2380;122;8695.0;0.051260504201680671
08/12/2020;(direct) / (none);1757;122;8695.0;0.069436539556061466
08/12/2020;<Other> / <Other>;1129;122;8695.0;0.10806023029229407
08/12/2020;<Other> / referral;749;122;8695.0;0.16288384512683579
08/12/2020;shop.googlemerchandisestore.com / referral;589;122;8695.0;0.2071307300509338
08/12/2020;(data deleted) / (data deleted);460;122;8695.0;0.26521739130434785
08/12/2020;google / cpc;336;122;8695.0;0.36309523809523808
08/12/2020;<Other> / organic;179;122;8695.0;0.68156424581005581
08/12/2020;<Other> / (data deleted);9;122;8695.0;13.555.555.555.555.500
09/12/2020;google / organic;1966;150;10863.0;0.0762970498474059
09/12/2020;(direct) / (none);1421;150;10863.0;0.1055594651653765
09/12/2020;<Other> / <Other>;910;150;10863.0;0.16483516483516483
09/12/2020;<Other> / referral;586;150;10863.0;0.25597269624573377
09/12/2020;shop.googlemerchandisestore.com / referral;565;150;10863.0;0.26548672566371684
09/12/2020;(data deleted) / (data deleted);398;150;10863.0;0.37688442211055279
09/12/2020;google / cpc;247;150;10863.0;0.60728744939271251
09/12/2020;<Other> / organic;191;150;10863.0;0.78534031413612571
09/12/2020;<Other> / (data deleted);6;150;10863.0;25.0
10/12/2020;google / organic;1783;143;10756.0;0.080201906898485692
10/12/2020;(direct) / (none);1374;143;10756.0;0.10407569141193596
10/12/2020;<Other> / <Other>;853;143;10756.0;0.16764361078546308
10/12/2020;<Other> / referral;624;143;10756.0;0.22916666666666666
10/12/2020;shop.googlemerchandisestore.com / referral;491;143;10756.0;0.29124236252545826
10/12/2020;(data deleted) / (data deleted);442;143;10756.0;0.3235294117647059
10/12/2020;google / cpc;271;143;10756.0;0.52767527675276749
10/12/2020;<Other> / organic;162;143;10756.0;0.88271604938271608
10/12/2020;<Other> / (data deleted);10;143;10756.0;14.3
10/12/2020;(data deleted) / referral;1;143;10756.0;143.0
11/12/2020;google / organic;1722;160;10400.0;0.092915214866434379
11/12/2020;(direct) / (none);1245;160;10400.0;0.12851405622489959
11/12/2020;<Other> / <Other>;837;160;10400.0;0.1911589008363202
11/12/2020;<Other> / referral;566;160;10400.0;0.28268551236749118
11/12/2020;shop.googlemerchandisestore.com / referral;452;160;10400.0;0.35398230088495575
11/12/2020;(data deleted) / (data deleted);392;160;10400.0;0.40816326530612246
11/12/2020;google / cpc;261;160;10400.0;0.6130268199233716
11/12/2020;<Other> / organic;141;160;10400.0;11.347.517.730.496.400
11/12/2020;<Other> / (data deleted);1;160;10400.0;160.0
12/12/2020;google / organic;1288;106;6284.0;0.082298136645962736
12/12/2020;(direct) / (none);931;106;6284.0;0.11385606874328678
12/12/2020;<Other> / <Other>;656;106;6284.0;0.16158536585365854
12/12/2020;<Other> / referral;421;106;6284.0;0.25178147268408552
12/12/2020;shop.googlemerchandisestore.com / referral;319;106;6284.0;0.33228840125391851
12/12/2020;(data deleted) / (data deleted);206;106;6284.0;0.5145631067961165
12/12/2020;google / cpc;195;106;6284.0;0.54358974358974355
12/12/2020;<Other> / organic;124;106;6284.0;0.85483870967741937
12/12/2020;<Other> / (data deleted);3;106;6284.0;35.333.333.333.333.300
13/12/2020;google / organic;1238;74;4395.0;0.059773828756058162
13/12/2020;(direct) / (none);874;74;4395.0;0.084668192219679639
13/12/2020;<Other> / <Other>;550;74;4395.0;0.13454545454545455
13/12/2020;<Other> / referral;345;74;4395.0;0.2144927536231884
13/12/2020;shop.googlemerchandisestore.com / referral;242;74;4395.0;0.30578512396694213
13/12/2020;(data deleted) / (data deleted);174;74;4395.0;0.42528735632183906
13/12/2020;google / cpc;167;74;4395.0;0.44311377245508982
13/12/2020;<Other> / organic;119;74;4395.0;0.62184873949579833
13/12/2020;<Other> / (data deleted);1;74;4395.0;74.0
14/12/2020;google / organic;1641;99;8505.0;0.0603290676416819
14/12/2020;(direct) / (none);1203;99;8505.0;0.082294264339152115
14/12/2020;<Other> / <Other>;700;99;8505.0;0.14142857142857143
14/12/2020;<Other> / referral;484;99;8505.0;0.20454545454545456
14/12/2020;shop.googlemerchandisestore.com / referral;422;99;8505.0;0.23459715639810427
14/12/2020;(data deleted) / (data deleted);296;99;8505.0;0.33445945945945948
14/12/2020;google / cpc;217;99;8505.0;0.45622119815668205
14/12/2020;<Other> / organic;139;99;8505.0;0.71223021582733814
14/12/2020;<Other> / (data deleted);4;99;8505.0;24.75
15/12/2020;google / organic;1760;139;9738.0;0.078977272727272729
15/12/2020;(direct) / (none);1315;139;9738.0;0.10570342205323194
15/12/2020;<Other> / <Other>;817;139;9738.0;0.1701346389228886
15/12/2020;<Other> / referral;560;139;9738.0;0.24821428571428572
15/12/2020;shop.googlemerchandisestore.com / referral;501;139;9738.0;0.27744510978043913
15/12/2020;(data deleted) / (data deleted);382;139;9738.0;0.36387434554973824
15/12/2020;google / cpc;256;139;9738.0;0.54296875
15/12/2020;<Other> / organic;158;139;9738.0;0.879746835443038
15/12/2020;<Other> / (data deleted);10;139;9738.0;13.9
16/12/2020;google / organic;1715;143;11509.0;0.083381924198250731
16/12/2020;(direct) / (none);1282;143;11509.0;0.11154446177847113
16/12/2020;<Other> / <Other>;763;143;11509.0;0.18741808650065531
16/12/2020;<Other> / referral;533;143;11509.0;0.26829268292682928
16/12/2020;shop.googlemerchandisestore.com / referral;479;143;11509.0;0.29853862212943633
16/12/2020;(data deleted) / (data deleted);368;143;11509.0;0.38858695652173914
16/12/2020;google / cpc;244;143;11509.0;0.58606557377049184
16/12/2020;<Other> / organic;152;143;11509.0;0.94078947368421051
16/12/2020;<Other> / (data deleted);5;143;11509.0;28.6
16/12/2020;<Other> / cpc;1;143;11509.0;143.0
17/12/2020;google / organic;1663;126;6745.0;0.075766686710763684
17/12/2020;(direct) / (none);1248;126;6745.0;0.10096153846153846
17/12/2020;<Other> / <Other>;771;126;6745.0;0.16342412451361868
17/12/2020;<Other> / referral;528;126;6745.0;0.23863636363636365
17/12/2020;shop.googlemerchandisestore.com / referral;404;126;6745.0;0.31188118811881188
17/12/2020;(data deleted) / (data deleted);347;126;6745.0;0.36311239193083572
17/12/2020;google / cpc;253;126;6745.0;0.49802371541501977
17/12/2020;<Other> / organic;133;126;6745.0;0.94736842105263153
17/12/2020;<Other> / (data deleted);9;126;6745.0;14.0
18/12/2020;google / organic;1537;107;6624.0;0.069616135328562131
18/12/2020;(direct) / (none);1163;107;6624.0;0.092003439380911434
18/12/2020;<Other> / <Other>;724;107;6624.0;0.1477900552486188
18/12/2020;<Other> / referral;456;107;6624.0;0.23464912280701755
18/12/2020;shop.googlemerchandisestore.com / referral;392;107;6624.0;0.27295918367346939
18/12/2020;(data deleted) / (data deleted);248;107;6624.0;0.43145161290322581
18/12/2020;google / cpc;189;107;6624.0;0.56613756613756616
18/12/2020;<Other> / organic;130;107;6624.0;0.823076923076923
18/12/2020;<Other> / (data deleted);4;107;6624.0;26.75
19/12/2020;google / organic;1105;52;2782.0;0.047058823529411764
19/12/2020;(direct) / (none);896;52;2782.0;0.058035714285714288
19/12/2020;<Other> / <Other>;536;52;2782.0;0.097014925373134331
19/12/2020;<Other> / referral;354;52;2782.0;0.14689265536723164
19/12/2020;shop.googlemerchandisestore.com / referral;250;52;2782.0;0.208
19/12/2020;(data deleted) / (data deleted);182;52;2782.0;0.2857142857142857
19/12/2020;google / cpc;177;52;2782.0;0.29378531073446329
19/12/2020;<Other> / organic;93;52;2782.0;0.55913978494623651
19/12/2020;<Other> / (data deleted);2;52;2782.0;26.0
20/12/2020;google / organic;1072;20;1399.0;0.018656716417910446
20/12/2020;(direct) / (none);767;20;1399.0;0.02607561929595828
20/12/2020;<Other> / <Other>;510;20;1399.0;0.0392156862745098
20/12/2020;<Other> / referral;299;20;1399.0;0.066889632107023408
20/12/2020;shop.googlemerchandisestore.com / referral;243;20;1399.0;0.0823045267489712
20/12/2020;(data deleted) / (data deleted);166;20;1399.0;0.12048192771084337
20/12/2020;google / cpc;140;20;1399.0;0.14285714285714285
20/12/2020;<Other> / organic;96;20;1399.0;0.20833333333333334
20/12/2020;<Other> / (data deleted);3;20;1399.0;6.666.666.666.666.660
21/12/2020;google / organic;1259;53;3429.0;0.042096902303415409
21/12/2020;(direct) / (none);915;53;3429.0;0.057923497267759562
21/12/2020;<Other> / <Other>;592;53;3429.0;0.089527027027027029
21/12/2020;<Other> / referral;410;53;3429.0;0.12926829268292683
21/12/2020;shop.googlemerchandisestore.com / referral;325;53;3429.0;0.16307692307692306
21/12/2020;(data deleted) / (data deleted);247;53;3429.0;0.2145748987854251
21/12/2020;google / cpc;162;53;3429.0;0.3271604938271605
21/12/2020;<Other> / organic;102;53;3429.0;0.51960784313725494
21/12/2020;<Other> / (data deleted);5;53;3429.0;10.6
22/12/2020;google / organic;1208;60;3230.0;0.049668874172185427
22/12/2020;(direct) / (none);849;60;3230.0;0.0706713780918728
22/12/2020;<Other> / <Other>;571;60;3230.0;0.10507880910683012
22/12/2020;<Other> / referral;360;60;3230.0;0.16666666666666666
22/12/2020;shop.googlemerchandisestore.com / referral;319;60;3230.0;0.18808777429467086
22/12/2020;(data deleted) / (data deleted);254;60;3230.0;0.23622047244094488
22/12/2020;google / cpc;159;60;3230.0;0.37735849056603776
22/12/2020;<Other> / organic;119;60;3230.0;0.50420168067226889
22/12/2020;<Other> / (data deleted);9;60;3230.0;6.666.666.666.666.660
23/12/2020;google / organic;1084;67;4418.0;0.061808118081180814
23/12/2020;(direct) / (none);786;67;4418.0;0.085241730279898217
23/12/2020;<Other> / <Other>;530;67;4418.0;0.12641509433962264
23/12/2020;<Other> / referral;328;67;4418.0;0.20426829268292682
23/12/2020;shop.googlemerchandisestore.com / referral;267;67;4418.0;0.250936329588015
23/12/2020;(data deleted) / (data deleted);203;67;4418.0;0.33004926108374383
23/12/2020;google / cpc;144;67;4418.0;0.46527777777777779
23/12/2020;<Other> / organic;104;67;4418.0;0.64423076923076927
23/12/2020;<Other> / (data deleted);2;67;4418.0;33.5
24/12/2020;google / organic;883;23;1192.0;0.026047565118912798
24/12/2020;(direct) / (none);637;23;1192.0;0.036106750392464679
24/12/2020;<Other> / <Other>;457;23;1192.0;0.050328227571115977
24/12/2020;<Other> / referral;265;23;1192.0;0.086792452830188674
24/12/2020;shop.googlemerchandisestore.com / referral;203;23;1192.0;0.11330049261083744
24/12/2020;google / cpc;147;23;1192.0;0.15646258503401361
24/12/2020;(data deleted) / (data deleted);122;23;1192.0;0.18852459016393441
24/12/2020;<Other> / organic;89;23;1192.0;0.25842696629213485
24/12/2020;<Other> / (data deleted);1;23;1192.0;23.0
25/12/2020;google / organic;873;17;552.0;0.019473081328751432
25/12/2020;(direct) / (none);592;17;552.0;0.028716216216216218
25/12/2020;<Other> / <Other>;410;17;552.0;0.041463414634146344
25/12/2020;<Other> / referral;268;17;552.0;0.063432835820895525
25/12/2020;shop.googlemerchandisestore.com / referral;190;17;552.0;0.089473684210526316
25/12/2020;google / cpc;144;17;552.0;0.11805555555555555
25/12/2020;(data deleted) / (data deleted);98;17;552.0;0.17346938775510204
25/12/2020;<Other> / organic;72;17;552.0;0.2361111111111111
25/12/2020;<Other> / (data deleted);1;17;552.0;17.0
26/12/2020;google / organic;891;17;734.0;0.019079685746352413
26/12/2020;(direct) / (none);647;17;734.0;0.026275115919629059
26/12/2020;<Other> / <Other>;426;17;734.0;0.039906103286384977
26/12/2020;<Other> / referral;237;17;734.0;0.071729957805907171
26/12/2020;shop.googlemerchandisestore.com / referral;173;17;734.0;0.098265895953757232
26/12/2020;google / cpc;126;17;734.0;0.13492063492063491
26/12/2020;(data deleted) / (data deleted);100;17;734.0;0.17
26/12/2020;<Other> / organic;75;17;734.0;0.22666666666666666
26/12/2020;<Other> / (data deleted);2;17;734.0;8.5
27/12/2020;google / organic;908;20;1161.0;0.022026431718061675
27/12/2020;(direct) / (none);612;20;1161.0;0.032679738562091505
27/12/2020;<Other> / <Other>;404;20;1161.0;0.049504950495049507
27/12/2020;<Other> / referral;260;20;1161.0;0.076923076923076927
27/12/2020;shop.googlemerchandisestore.com / referral;183;20;1161.0;0.10928961748633879
27/12/2020;google / cpc;125;20;1161.0;0.16
27/12/2020;(data deleted) / (data deleted);118;20;1161.0;0.16949152542372881
27/12/2020;<Other> / organic;68;20;1161.0;0.29411764705882354
27/12/2020;<Other> / (data deleted);2;20;1161.0;10.0
28/12/2020;google / organic;1064;36;2097.0;0.033834586466165412
28/12/2020;(direct) / (none);787;36;2097.0;0.045743329097839895
28/12/2020;<Other> / <Other>;494;36;2097.0;0.0728744939271255
28/12/2020;<Other> / referral;326;36;2097.0;0.11042944785276074
28/12/2020;shop.googlemerchandisestore.com / referral;246;36;2097.0;0.14634146341463414
28/12/2020;(data deleted) / (data deleted);166;36;2097.0;0.21686746987951808
28/12/2020;google / cpc;152;36;2097.0;0.23684210526315788
28/12/2020;<Other> / organic;120;36;2097.0;0.3
28/12/2020;<Other> / (data deleted);3;36;2097.0;12.0
29/12/2020;google / organic;1101;24;1418.0;0.021798365122615803
29/12/2020;(direct) / (none);829;24;1418.0;0.028950542822677925
29/12/2020;<Other> / <Other>;526;24;1418.0;0.045627376425855515
29/12/2020;<Other> / referral;309;24;1418.0;0.077669902912621352
29/12/2020;shop.googlemerchandisestore.com / referral;235;24;1418.0;0.10212765957446808
29/12/2020;(data deleted) / (data deleted);174;24;1418.0;0.13793103448275862
29/12/2020;google / cpc;156;24;1418.0;0.15384615384615385
29/12/2020;<Other> / organic;107;24;1418.0;0.22429906542056074
29/12/2020;<Other> / (data deleted);2;24;1418.0;12.0
30/12/2020;google / organic;1026;37;1604.0;0.036062378167641324
30/12/2020;(direct) / (none);755;37;1604.0;0.04900662251655629
30/12/2020;<Other> / <Other>;462;37;1604.0;0.080086580086580081
30/12/2020;<Other> / referral;337;37;1604.0;0.10979228486646884
30/12/2020;shop.googlemerchandisestore.com / referral;258;37;1604.0;0.1434108527131783
30/12/2020;(data deleted) / (data deleted);142;37;1604.0;0.26056338028169013
30/12/2020;google / cpc;135;37;1604.0;0.27407407407407408
30/12/2020;<Other> / organic;98;37;1604.0;0.37755102040816324
30/12/2020;<Other> / (data deleted);1;37;1604.0;37.0
30/12/2020;google / <Other>;1;37;1604.0;37.0
31/12/2020;google / organic;875;25;2595.0;0.028571428571428571
31/12/2020;(direct) / (none);616;25;2595.0;0.040584415584415584
31/12/2020;<Other> / <Other>;391;25;2595.0;0.0639386189258312
31/12/2020;<Other> / referral;232;25;2595.0;0.10775862068965517
31/12/2020;shop.googlemerchandisestore.com / referral;181;25;2595.0;0.13812154696132597
31/12/2020;(data deleted) / (data deleted);122;25;2595.0;0.20491803278688525
31/12/2020;google / cpc;120;25;2595.0;0.20833333333333334
31/12/2020;<Other> / organic;91;25;2595.0;0.27472527472527475
31/12/2020;<Other> / (data deleted);1;25;2595.0;25.0
01/01/2021;google / organic;751;14;975.0;0.018641810918774968
01/01/2021;(direct) / (none);571;14;975.0;0.024518388791593695
01/01/2021;<Other> / <Other>;380;14;975.0;0.036842105263157891
01/01/2021;<Other> / referral;213;14;975.0;0.065727699530516437
01/01/2021;shop.googlemerchandisestore.com / referral;138;14;975.0;0.10144927536231885
01/01/2021;google / cpc;104;14;975.0;0.13461538461538461
01/01/2021;(data deleted) / (data deleted);88;14;975.0;0.15909090909090909
01/01/2021;<Other> / organic;64;14;975.0;0.21875
01/01/2021;<Other> / (data deleted);2;14;975.0;7.0
02/01/2021;google / organic;902;14;1026.0;0.015521064301552107
02/01/2021;(direct) / (none);642;14;1026.0;0.021806853582554516
02/01/2021;<Other> / <Other>;432;14;1026.0;0.032407407407407406
02/01/2021;<Other> / referral;283;14;1026.0;0.049469964664310952
02/01/2021;shop.googlemerchandisestore.com / referral;154;14;1026.0;0.090909090909090912
02/01/2021;google / cpc;147;14;1026.0;0.095238095238095233
02/01/2021;(data deleted) / (data deleted);102;14;1026.0;0.13725490196078433
02/01/2021;<Other> / organic;72;14;1026.0;0.19444444444444445
03/01/2021;google / organic;905;14;552.0;0.015469613259668509
03/01/2021;(direct) / (none);640;14;552.0;0.021875
03/01/2021;<Other> / <Other>;480;14;552.0;0.029166666666666667
03/01/2021;<Other> / referral;281;14;552.0;0.0498220640569395
03/01/2021;shop.googlemerchandisestore.com / referral;178;14;552.0;0.078651685393258425
03/01/2021;google / cpc;109;14;552.0;0.12844036697247707
03/01/2021;(data deleted) / (data deleted);105;14;552.0;0.13333333333333333
03/01/2021;<Other> / organic;91;14;552.0;0.15384615384615385
03/01/2021;<Other> / (data deleted);2;14;552.0;7.0
04/01/2021;google / organic;1078;16;834.0;0.014842300556586271
04/01/2021;(direct) / (none);798;16;834.0;0.020050125313283207
04/01/2021;<Other> / <Other>;514;16;834.0;0.0311284046692607
04/01/2021;<Other> / referral;327;16;834.0;0.048929663608562692
04/01/2021;shop.googlemerchandisestore.com / referral;236;16;834.0;0.067796610169491525
04/01/2021;google / cpc;165;16;834.0;0.09696969696969697
04/01/2021;(data deleted) / (data deleted);158;16;834.0;0.10126582278481013
04/01/2021;<Other> / organic;94;16;834.0;0.1702127659574468
04/01/2021;<Other> / (data deleted);3;16;834.0;5.333.333.333.333.330
05/01/2021;google / organic;1501;29;1143.0;0.019320453031312457
05/01/2021;(direct) / (none);1037;29;1143.0;0.027965284474445518
05/01/2021;<Other> / <Other>;671;29;1143.0;0.043219076005961254
05/01/2021;<Other> / referral;446;29;1143.0;0.065022421524663671
05/01/2021;shop.googlemerchandisestore.com / referral;316;29;1143.0;0.091772151898734181
05/01/2021;google / cpc;197;29;1143.0;0.14720812182741116
05/01/2021;(data deleted) / (data deleted);192;29;1143.0;0.15104166666666666
05/01/2021;<Other> / organic;133;29;1143.0;0.21804511278195488
05/01/2021;<Other> / (data deleted);2;29;1143.0;14.5
06/01/2021;google / organic;1939;31;2000.0;0.015987622485817431
06/01/2021;(direct) / (none);1417;31;2000.0;0.021877205363443897
06/01/2021;<Other> / <Other>;904;31;2000.0;0.034292035398230086
06/01/2021;<Other> / referral;573;31;2000.0;0.054101221640488653
06/01/2021;shop.googlemerchandisestore.com / referral;431;31;2000.0;0.071925754060324823
06/01/2021;(data deleted) / (data deleted);282;31;2000.0;0.1099290780141844
06/01/2021;google / cpc;261;31;2000.0;0.11877394636015326
06/01/2021;<Other> / organic;191;31;2000.0;0.16230366492146597
06/01/2021;<Other> / (data deleted);4;31;2000.0;7.75
07/01/2021;google / organic;1557;26;1452.0;0.016698779704560053
07/01/2021;(direct) / (none);1071;26;1452.0;0.024276377217553689
07/01/2021;<Other> / <Other>;682;26;1452.0;0.038123167155425221
07/01/2021;<Other> / referral;411;26;1452.0;0.063260340632603412
07/01/2021;shop.googlemerchandisestore.com / referral;342;26;1452.0;0.076023391812865493
07/01/2021;(data deleted) / (data deleted);259;26;1452.0;0.10038610038610038
07/01/2021;google / cpc;207;26;1452.0;0.12560386473429952
07/01/2021;<Other> / organic;136;26;1452.0;0.19117647058823528
07/01/2021;<Other> / (data deleted);3;26;1452.0;86.666.666.666.666.600
08/01/2021;google / organic;1347;34;1699.0;0.025241276911655532
08/01/2021;(direct) / (none);1016;34;1699.0;0.033464566929133861
08/01/2021;<Other> / <Other>;621;34;1699.0;0.054750402576489533
08/01/2021;<Other> / referral;408;34;1699.0;0.083333333333333329
08/01/2021;shop.googlemerchandisestore.com / referral;321;34;1699.0;0.1059190031152648
08/01/2021;(data deleted) / (data deleted);229;34;1699.0;0.14847161572052403
08/01/2021;google / cpc;183;34;1699.0;0.18579234972677597
08/01/2021;<Other> / organic;138;34;1699.0;0.24637681159420291
08/01/2021;<Other> / (data deleted);3;34;1699.0;11.333.333.333.333.300
09/01/2021;google / organic;1073;20;1363.0;0.018639328984156569
09/01/2021;(direct) / (none);763;20;1363.0;0.02621231979030144
09/01/2021;<Other> / <Other>;486;20;1363.0;0.0411522633744856
09/01/2021;<Other> / referral;308;20;1363.0;0.064935064935064929
09/01/2021;shop.googlemerchandisestore.com / referral;248;20;1363.0;0.080645161290322578
09/01/2021;(data deleted) / (data deleted);150;20;1363.0;0.13333333333333333
09/01/2021;google / cpc;136;20;1363.0;0.14705882352941177
09/01/2021;<Other> / organic;104;20;1363.0;0.19230769230769232
10/01/2021;google / organic;978;14;974.0;0.014314928425357873
10/01/2021;(direct) / (none);704;14;974.0;0.019886363636363636
10/01/2021;<Other> / <Other>;484;14;974.0;0.028925619834710745
10/01/2021;<Other> / referral;248;14;974.0;0.056451612903225805
10/01/2021;shop.googlemerchandisestore.com / referral;203;14;974.0;0.068965517241379309
10/01/2021;google / cpc;153;14;974.0;0.0915032679738562
10/01/2021;(data deleted) / (data deleted);131;14;974.0;0.10687022900763359
10/01/2021;<Other> / organic;100;14;974.0;0.14
10/01/2021;<Other> / (data deleted);4;14;974.0;3.5
11/01/2021;google / organic;1279;28;1496.0;0.0218921032056294
11/01/2021;(direct) / (none);904;28;1496.0;0.030973451327433628
11/01/2021;<Other> / <Other>;627;28;1496.0;0.044657097288676235
11/01/2021;<Other> / referral;377;28;1496.0;0.074270557029177717
11/01/2021;shop.googlemerchandisestore.com / referral;278;28;1496.0;0.10071942446043165
11/01/2021;(data deleted) / (data deleted);213;28;1496.0;0.13145539906103287
11/01/2021;google / cpc;163;28;1496.0;0.17177914110429449
11/01/2021;<Other> / organic;117;28;1496.0;0.23931623931623933
12/01/2021;google / organic;1492;48;2547.0;0.032171581769437
12/01/2021;(direct) / (none);1092;48;2547.0;0.043956043956043959
12/01/2021;<Other> / <Other>;723;48;2547.0;0.066390041493775934
12/01/2021;<Other> / referral;467;48;2547.0;0.10278372591006424
12/01/2021;shop.googlemerchandisestore.com / referral;347;48;2547.0;0.138328530259366
12/01/2021;(data deleted) / (data deleted);263;48;2547.0;0.18250950570342206
12/01/2021;google / cpc;202;48;2547.0;0.23762376237623761
12/01/2021;<Other> / organic;139;48;2547.0;0.34532374100719426
12/01/2021;<Other> / (data deleted);5;48;2547.0;9.6
13/01/2021;google / organic;1399;36;1858.0;0.025732666190135811
13/01/2021;(direct) / (none);1102;36;1858.0;0.032667876588021776
13/01/2021;<Other> / <Other>;688;36;1858.0;0.05232558139534884
13/01/2021;<Other> / referral;433;36;1858.0;0.083140877598152418
13/01/2021;shop.googlemerchandisestore.com / referral;334;36;1858.0;0.10778443113772455
13/01/2021;(data deleted) / (data deleted);251;36;1858.0;0.14342629482071714
13/01/2021;google / cpc;218;36;1858.0;0.16513761467889909
13/01/2021;<Other> / organic;148;36;1858.0;0.24324324324324326
13/01/2021;<Other> / (data deleted);4;36;1858.0;9.0
14/01/2021;google / organic;1377;54;3274.0;0.0392156862745098
14/01/2021;(direct) / (none);1051;54;3274.0;0.051379638439581349
14/01/2021;<Other> / <Other>;628;54;3274.0;0.08598726114649681
14/01/2021;<Other> / referral;401;54;3274.0;0.13466334164588528
14/01/2021;shop.googlemerchandisestore.com / referral;353;54;3274.0;0.15297450424929179
14/01/2021;(data deleted) / (data deleted);234;54;3274.0;0.23076923076923078
14/01/2021;google / cpc;188;54;3274.0;0.28723404255319152
14/01/2021;<Other> / organic;136;54;3274.0;0.39705882352941174
14/01/2021;<Other> / (data deleted);6;54;3274.0;9.0
15/01/2021;google / organic;1258;47;2071.0;0.037360890302066775
15/01/2021;(direct) / (none);950;47;2071.0;0.049473684210526316
15/01/2021;<Other> / <Other>;596;47;2071.0;0.078859060402684561
15/01/2021;<Other> / referral;386;47;2071.0;0.12176165803108809
15/01/2021;shop.googlemerchandisestore.com / referral;275;47;2071.0;0.1709090909090909
15/01/2021;(data deleted) / (data deleted);205;47;2071.0;0.22926829268292684
15/01/2021;google / cpc;161;47;2071.0;0.29192546583850931
15/01/2021;<Other> / organic;108;47;2071.0;0.43518518518518517
15/01/2021;<Other> / (data deleted);2;47;2071.0;23.5
16/01/2021;google / organic;1008;27;1461.0;0.026785714285714284
16/01/2021;(direct) / (none);776;27;1461.0;0.034793814432989692
16/01/2021;<Other> / <Other>;487;27;1461.0;0.055441478439425054
16/01/2021;<Other> / referral;336;27;1461.0;0.080357142857142863
16/01/2021;shop.googlemerchandisestore.com / referral;221;27;1461.0;0.12217194570135746
16/01/2021;(data deleted) / (data deleted);139;27;1461.0;0.19424460431654678
16/01/2021;google / cpc;117;27;1461.0;0.23076923076923078
16/01/2021;<Other> / organic;96;27;1461.0;0.28125
16/01/2021;<Other> / (data deleted);3;27;1461.0;9.0
17/01/2021;google / organic;1013;14;481.0;0.013820335636722606
17/01/2021;(direct) / (none);692;14;481.0;0.02023121387283237
17/01/2021;<Other> / <Other>;441;14;481.0;0.031746031746031744
17/01/2021;<Other> / referral;291;14;481.0;0.048109965635738834
17/01/2021;shop.googlemerchandisestore.com / referral;196;14;481.0;0.071428571428571425
17/01/2021;(data deleted) / (data deleted);148;14;481.0;0.0945945945945946
17/01/2021;google / cpc;130;14;481.0;0.1076923076923077
17/01/2021;<Other> / organic;80;14;481.0;0.175
18/01/2021;google / organic;1196;19;1223.0;0.01588628762541806
18/01/2021;(direct) / (none);822;19;1223.0;0.023114355231143552
18/01/2021;<Other> / <Other>;570;19;1223.0;0.033333333333333333
18/01/2021;<Other> / referral;317;19;1223.0;0.05993690851735016
18/01/2021;shop.googlemerchandisestore.com / referral;280;19;1223.0;0.067857142857142852
18/01/2021;(data deleted) / (data deleted);187;19;1223.0;0.10160427807486631
18/01/2021;google / cpc;157;19;1223.0;0.12101910828025478
18/01/2021;<Other> / organic;85;19;1223.0;0.22352941176470589
18/01/2021;<Other> / (data deleted);2;19;1223.0;9.5
19/01/2021;google / organic;1320;49;3756.0;0.037121212121212124
19/01/2021;(direct) / (none);956;49;3756.0;0.051255230125523014
19/01/2021;<Other> / <Other>;604;49;3756.0;0.081125827814569534
19/01/2021;<Other> / referral;383;49;3756.0;0.12793733681462141
19/01/2021;shop.googlemerchandisestore.com / referral;376;49;3756.0;0.13031914893617022
19/01/2021;(data deleted) / (data deleted);230;49;3756.0;0.21304347826086956
19/01/2021;google / cpc;177;49;3756.0;0.2768361581920904
19/01/2021;<Other> / organic;142;49;3756.0;0.34507042253521125
19/01/2021;<Other> / (data deleted);2;49;3756.0;24.5
20/01/2021;google / organic;1508;96;6706.0;0.0636604774535809
20/01/2021;(direct) / (none);1119;96;6706.0;0.085790884718498661
20/01/2021;<Other> / <Other>;710;96;6706.0;0.13521126760563379
20/01/2021;<Other> / referral;470;96;6706.0;0.20425531914893616
20/01/2021;shop.googlemerchandisestore.com / referral;366;96;6706.0;0.26229508196721313
20/01/2021;(data deleted) / (data deleted);295;96;6706.0;0.3254237288135593
20/01/2021;google / cpc;199;96;6706.0;0.48241206030150752
20/01/2021;<Other> / organic;146;96;6706.0;0.65753424657534243
20/01/2021;<Other> / (data deleted);5;96;6706.0;19.2
21/01/2021;google / organic;1468;52;4206.0;0.035422343324250684
21/01/2021;(direct) / (none);1065;52;4206.0;0.048826291079812206
21/01/2021;<Other> / <Other>;694;52;4206.0;0.07492795389048991
21/01/2021;<Other> / referral;459;52;4206.0;0.11328976034858387
21/01/2021;shop.googlemerchandisestore.com / referral;371;52;4206.0;0.14016172506738545
21/01/2021;(data deleted) / (data deleted);273;52;4206.0;0.19047619047619047
21/01/2021;google / cpc;225;52;4206.0;0.2311111111111111
21/01/2021;<Other> / organic;138;52;4206.0;0.37681159420289856
21/01/2021;<Other> / (data deleted);4;52;4206.0;13.0
22/01/2021;google / organic;1233;100;5552.0;0.08110300081103
22/01/2021;(direct) / (none);960;100;5552.0;0.10416666666666667
22/01/2021;<Other> / <Other>;583;100;5552.0;0.17152658662092624
22/01/2021;<Other> / referral;410;100;5552.0;0.24390243902439024
22/01/2021;shop.googlemerchandisestore.com / referral;346;100;5552.0;0.28901734104046245
22/01/2021;(data deleted) / (data deleted);240;100;5552.0;0.41666666666666669
22/01/2021;google / cpc;199;100;5552.0;0.50251256281407031
22/01/2021;<Other> / organic;125;100;5552.0;0.8
22/01/2021;<Other> / (data deleted);5;100;5552.0;20.0
23/01/2021;google / organic;957;43;2747.0;0.044932079414838039
23/01/2021;(direct) / (none);730;43;2747.0;0.0589041095890411
23/01/2021;<Other> / <Other>;507;43;2747.0;0.084812623274161739
23/01/2021;<Other> / referral;295;43;2747.0;0.14576271186440679
23/01/2021;shop.googlemerchandisestore.com / referral;258;43;2747.0;0.16666666666666666
23/01/2021;(data deleted) / (data deleted);158;43;2747.0;0.27215189873417722
23/01/2021;google / cpc;147;43;2747.0;0.29251700680272108
23/01/2021;<Other> / organic;89;43;2747.0;0.48314606741573035
23/01/2021;<Other> / (data deleted);3;43;2747.0;14.333.333.333.333.300
24/01/2021;google / organic;937;36;2408.0;0.0384204909284952
24/01/2021;(direct) / (none);698;36;2408.0;0.051575931232091692
24/01/2021;<Other> / <Other>;427;36;2408.0;0.084309133489461355
24/01/2021;<Other> / referral;299;36;2408.0;0.12040133779264214
24/01/2021;shop.googlemerchandisestore.com / referral;237;36;2408.0;0.15189873417721519
24/01/2021;(data deleted) / (data deleted);149;36;2408.0;0.24161073825503357
24/01/2021;google / cpc;144;36;2408.0;0.25
24/01/2021;<Other> / organic;83;36;2408.0;0.43373493975903615
24/01/2021;<Other> / (data deleted);3;36;2408.0;12.0
25/01/2021;google / organic;1261;61;3353.0;0.048374306106264871
25/01/2021;(direct) / (none);894;61;3353.0;0.068232662192393739
25/01/2021;<Other> / <Other>;586;61;3353.0;0.10409556313993173
25/01/2021;<Other> / referral;355;61;3353.0;0.17183098591549295
25/01/2021;shop.googlemerchandisestore.com / referral;308;61;3353.0;0.19805194805194806
25/01/2021;(data deleted) / (data deleted);228;61;3353.0;0.26754385964912281
25/01/2021;google / cpc;175;61;3353.0;0.34857142857142859
25/01/2021;<Other> / organic;110;61;3353.0;0.55454545454545456
25/01/2021;<Other> / (data deleted);2;61;3353.0;30.5
26/01/2021;google / organic;1290;55;1259.0;0.042635658914728682
26/01/2021;(direct) / (none);905;55;1259.0;0.060773480662983423
26/01/2021;<Other> / <Other>;600;55;1259.0;0.09166666666666666
26/01/2021;<Other> / referral;386;55;1259.0;0.14248704663212436
26/01/2021;shop.googlemerchandisestore.com / referral;327;55;1259.0;0.16819571865443425
26/01/2021;(data deleted) / (data deleted);276;55;1259.0;0.19927536231884058
26/01/2021;google / cpc;192;55;1259.0;0.28645833333333331
26/01/2021;<Other> / organic;118;55;1259.0;0.46610169491525422
26/01/2021;<Other> / (data deleted);5;55;1259.0;11.0
27/01/2021;google / organic;1432;54;457.0;0.037709497206703912
27/01/2021;(direct) / (none);1020;54;457.0;0.052941176470588235
27/01/2021;<Other> / <Other>;631;54;457.0;0.085578446909667191
27/01/2021;<Other> / referral;457;54;457.0;0.11816192560175055
27/01/2021;shop.googlemerchandisestore.com / referral;388;54;457.0;0.13917525773195877
27/01/2021;(data deleted) / (data deleted);351;54;457.0;0.15384615384615385
27/01/2021;google / cpc;183;54;457.0;0.29508196721311475
27/01/2021;<Other> / organic;136;54;457.0;0.39705882352941174
27/01/2021;<Other> / (data deleted);8;54;457.0;6.75
28/01/2021;google / organic;1245;69;128.0;0.055421686746987948
28/01/2021;(direct) / (none);1021;69;128.0;0.067580803134182174
28/01/2021;<Other> / <Other>;599;69;128.0;0.11519198664440734
28/01/2021;<Other> / referral;415;69;128.0;0.16626506024096385
28/01/2021;shop.googlemerchandisestore.com / referral;373;69;128.0;0.18498659517426275
28/01/2021;(data deleted) / (data deleted);278;69;128.0;0.24820143884892087
28/01/2021;google / cpc;172;69;128.0;0.40116279069767441
28/01/2021;<Other> / organic;120;69;128.0;0.575
28/01/2021;<Other> / (data deleted);5;69;128.0;13.8
29/01/2021;google / organic;1194;54;190.0;0.045226130653266333
29/01/2021;(direct) / (none);895;54;190.0;0.060335195530726256
29/01/2021;<Other> / <Other>;540;54;190.0;0.1
29/01/2021;<Other> / referral;357;54;190.0;0.15126050420168066
29/01/2021;shop.googlemerchandisestore.com / referral;293;54;190.0;0.18430034129692832
29/01/2021;(data deleted) / (data deleted);235;54;190.0;0.22978723404255319
29/01/2021;google / cpc;158;54;190.0;0.34177215189873417
29/01/2021;<Other> / organic;125;54;190.0;0.432
29/01/2021;<Other> / (data deleted);2;54;190.0;27.0
30/01/2021;google / organic;882;31;159.0;0.035147392290249435
30/01/2021;(direct) / (none);691;31;159.0;0.044862518089725037
30/01/2021;<Other> / <Other>;416;31;159.0;0.074519230769230768
30/01/2021;<Other> / referral;289;31;159.0;0.10726643598615918
30/01/2021;shop.googlemerchandisestore.com / referral;229;31;159.0;0.13537117903930132
30/01/2021;(data deleted) / (data deleted);173;31;159.0;0.1791907514450867
30/01/2021;google / cpc;129;31;159.0;0.24031007751937986
30/01/2021;<Other> / organic;96;31;159.0;0.32291666666666669
30/01/2021;<Other> / (data deleted);3;31;159.0;10.333.333.333.333.300
31/01/2021;google / organic;910;19;0.0;0.020879120879120878
31/01/2021;(direct) / (none);648;19;0.0;0.029320987654320986
31/01/2021;<Other> / <Other>;408;19;0.0;0.046568627450980393
31/01/2021;<Other> / referral;265;19;0.0;0.071698113207547168
31/01/2021;shop.googlemerchandisestore.com / referral;230;19;0.0;0.082608695652173908
31/01/2021;(data deleted) / (data deleted);164;19;0.0;0.11585365853658537
31/01/2021;google / cpc;154;19;0.0;0.12337662337662338
31/01/2021;<Other> / organic;67;19;0.0;0.28358208955223879
31/01/2021;<Other> / (data deleted);3;19;0.0;6.333.333.333.333.330
